gis_id,NAME,NBH_NAMES,NCID,County,population_total,population_under_18,population_under_5,total_neighborhood_poverty_perc,children_in_poverty_perc,,no_dip_18_perc,no_dip_25_perc,youth_ready_to_work_perc,median_family_income_val,homeownership_perc,single_mother_families_perc_numer,white_18,other_under_18,population_black_total,population_white_total,hispanic_under_18,no_hs_degree_18_24_numer,no_hs_degree_18_24_denom,population_under_3,population_other_total,female_householder_no_husband_denom,white_under_18,children_in_poverty_numer,children_in_poverty_denom,black_18,no_hs_degree_25_plus_numer,no_hs_degree_25_plus_denom,total_neighborhood_poverty_numer,hispanic_18,other_18,female_householder_no_husband_numer,black_under_18,population_hisp_total,poverty_under_5,total_neighborhood_poverty_denom,homeownership_numer,homeownership_denom,median_family_income_denom,median_family_income_numer,work_numer,work_denom,youth_ready_to_work_numer,youth_ready_to_work_denom
Nbclus_003,Sussex,Sussex County,2,10005,203737,40686,11622,0.132745086,0.231223459,0.281570216,0.207666214,0.147103047,0.82579776,62502,0.780541341,9590,129273,2734,25326,153081,7235,3061,14740,6730,6945,34059,23808,9202,39797,18950,21817,148311,26583,11150,2734,9590,6909,18385,3288,200256,61164,78361,12566,785400132,5292,82693,9808,11877
Nbclus_001,Kent,Kent County,0,10001,167477,40488,11090,0.129100281,0.196059237,0.293866515,0.144847858,0.140087278,0.788198758,64357,0.709089987,10325,85028,3059,39261,107420,3839,2661,18371,6144,10148,35135,22392,7811,39840,29435,15216,108618,20938,6809,3059,10325,11198,10648,2732,162184,41937,59142,5383,346433731,7281,71874,10152,12880
Nbclus_002,New Castle,New Castle County,1,10003,545846,123342,33237,0.112616316,0.148438593,0.257233883,0.148581482,0.102303294,0.834357379,80864,0.693445071,27452,269667,10403,128460,329717,17467,8699,58547,19662,38104,106720,60050,18039,121525,96114,37234,363957,59580,32098,10403,27452,35422,49565,5400,529053,139759,201543,17152,1386979328,19037,248785,32998,39549
